nombre,pais,estado,ciudad,imagen,genero,id
Earl Nikolaus,Mexico,South Dakota,Caldwell,https://cloudflare-ipfs.com/ipfs/Qmd3W5DuhgHirLHGVixi6V76LhCkZUz6pnFt5AJBiyvHye/avatar/473.jpg,Xenogender,1
Russell Koch,Guinea-Bissau,Arkansas,South Hill,https://cloudflare-ipfs.com/ipfs/Qmd3W5DuhgHirLHGVixi6V76LhCkZUz6pnFt5AJBiyvHye/avatar/346.jpg,FTM,2
Alma Kihn V,Philippines,Delaware,Apple Valley,https://cloudflare-ipfs.com/ipfs/Qmd3W5DuhgHirLHGVixi6V76LhCkZUz6pnFt5AJBiyvHye/avatar/280.jpg,MTF,3
Mr. Ernestine Swaniawski,Ireland,Rhode Island,Madera,https://cloudflare-ipfs.com/ipfs/Qmd3W5DuhgHirLHGVixi6V76LhCkZUz6pnFt5AJBiyvHye/avatar/509.jpg,Agender,4
Ricardo Krajcik,Micronesia,South Dakota,Lakewood,https://cloudflare-ipfs.com/ipfs/Qmd3W5DuhgHirLHGVixi6V76LhCkZUz6pnFt5AJBiyvHye/avatar/256.jpg,Androgyne,5
Mona Collins,Iraq,Maine,Aurora,https://cloudflare-ipfs.com/ipfs/Qmd3W5DuhgHirLHGVixi6V76LhCkZUz6pnFt5AJBiyvHye/avatar/1230.jpg,Transexual female,6
Roderick Bahringer,Malaysia,Michigan,Urbana,https://cloudflare-ipfs.com/ipfs/Qmd3W5DuhgHirLHGVixi6V76LhCkZUz6pnFt5AJBiyvHye/avatar/651.jpg,Gender variant,7
Wendell Strosin,Monaco,Wyoming,Metairie,https://cloudflare-ipfs.com/ipfs/Qmd3W5DuhgHirLHGVixi6V76LhCkZUz6pnFt5AJBiyvHye/avatar/20.jpg,Transgender person,8
Mathew Schiller,Monaco,Tennessee,Collierville,https://cloudflare-ipfs.com/ipfs/Qmd3W5DuhgHirLHGVixi6V76LhCkZUz6pnFt5AJBiyvHye/avatar/461.jpg,Two-spirit person,9
Miss Merle Mayer,Timor-Leste,New Jersey,Encinitas,https://cloudflare-ipfs.com/ipfs/Qmd3W5DuhgHirLHGVixi6V76LhCkZUz6pnFt5AJBiyvHye/avatar/738.jpg,Cis,10
Dr. Marcella Brekke,Nauru,Ohio,Oshkosh,https://cloudflare-ipfs.com/ipfs/Qmd3W5DuhgHirLHGVixi6V76LhCkZUz6pnFt5AJBiyvHye/avatar/953.jpg,Pangender,11
Dallas Cole,Heard Island and McDonald Islands,Maine,Gilbert,https://cloudflare-ipfs.com/ipfs/Qmd3W5DuhgHirLHGVixi6V76LhCkZUz6pnFt5AJBiyvHye/avatar/948.jpg,Hermaphrodite,12
Jasmine Gleichner Jr.,Kenya,Wisconsin,Baytown,https://cloudflare-ipfs.com/ipfs/Qmd3W5DuhgHirLHGVixi6V76LhCkZUz6pnFt5AJBiyvHye/avatar/980.jpg,Cisgender female,13
Christian Douglas,Saint Helena,Louisiana,Centennial,https://cloudflare-ipfs.com/ipfs/Qmd3W5DuhgHirLHGVixi6V76LhCkZUz6pnFt5AJBiyvHye/avatar/387.jpg,Male to female trans woman,14
Franklin Corwin,Western Sahara,Pennsylvania,Elkhart,https://cloudflare-ipfs.com/ipfs/Qmd3W5DuhgHirLHGVixi6V76LhCkZUz6pnFt5AJBiyvHye/avatar/848.jpg,Trans man,15
Colleen Beatty,Palestinian Territory,Utah,Iowa City,https://cloudflare-ipfs.com/ipfs/Qmd3W5DuhgHirLHGVixi6V76LhCkZUz6pnFt5AJBiyvHye/avatar/498.jpg,Transexual person,16
Tommy Blanda I,Cayman Islands,Massachusetts,Pasco,https://cloudflare-ipfs.com/ipfs/Qmd3W5DuhgHirLHGVixi6V76LhCkZUz6pnFt5AJBiyvHye/avatar/870.jpg,Male to female transgender woman,17
Eileen Kuvalis,Puerto Rico,Hawaii,Barnstable Town,https://cloudflare-ipfs.com/ipfs/Qmd3W5DuhgHirLHGVixi6V76LhCkZUz6pnFt5AJBiyvHye/avatar/592.jpg,Omnigender,18
Julio Herman,Trinidad and Tobago,Pennsylvania,Lenexa,https://cloudflare-ipfs.com/ipfs/Qmd3W5DuhgHirLHGVixi6V76LhCkZUz6pnFt5AJBiyvHye/avatar/941.jpg,Gender neutral,19
Nelson Feeney,Maldives,Nebraska,Chandler,https://cloudflare-ipfs.com/ipfs/Qmd3W5DuhgHirLHGVixi6V76LhCkZUz6pnFt5AJBiyvHye/avatar/467.jpg,Transexual person,20
Rudolph Oberbrunner,Somalia,New Hampshire,Billings,https://cloudflare-ipfs.com/ipfs/Qmd3W5DuhgHirLHGVixi6V76LhCkZUz6pnFt5AJBiyvHye/avatar/32.jpg,FTM,21
Clifford Rath,Nauru,Texas,Sierra Vista,https://cloudflare-ipfs.com/ipfs/Qmd3W5DuhgHirLHGVixi6V76LhCkZUz6pnFt5AJBiyvHye/avatar/812.jpg,Trans woman,22
Edna Dooley,Venezuela,Maryland,Passaic,https://cloudflare-ipfs.com/ipfs/Qmd3W5DuhgHirLHGVixi6V76LhCkZUz6pnFt5AJBiyvHye/avatar/879.jpg,Neutrois,23
Ora Donnelly,Cape Verde,Colorado,Sparks,https://cloudflare-ipfs.com/ipfs/Qmd3W5DuhgHirLHGVixi6V76LhCkZUz6pnFt5AJBiyvHye/avatar/957.jpg,Demi-man,24
Austin Hintz,British Indian Ocean Territory (Chagos Archipelago),Arkansas,Framingham,https://cloudflare-ipfs.com/ipfs/Qmd3W5DuhgHirLHGVixi6V76LhCkZUz6pnFt5AJBiyvHye/avatar/269.jpg,Transexual female,25
Darin Haley,Belgium,Arkansas,Cheyenne,https://cloudflare-ipfs.com/ipfs/Qmd3W5DuhgHirLHGVixi6V76LhCkZUz6pnFt5AJBiyvHye/avatar/555.jpg,Pangender,26
